"ID","NAME","PARENT_ID","CODE","ALIAS","CATEGORY_CODE"
"4eaa553c-c733-4afc-8c1e-978387a0964f",反应器,e03e0ab5-9464-48ad-a077-8d48e7f843f5,,,
"39e91afe-059e-43a1-9c24-e67cb6dc09ef",合成塔,e03e0ab5-9464-48ad-a077-8d48e7f843f5,,,
"1a562dab-4a14-4fef-bd3d-53d8fc4db9fd",其他反应设备,e03e0ab5-9464-48ad-a077-8d48e7f843f5,,,
eb49a4fb-ae0f-47af-aeaa-7781ee3259fe,固定床反应器,"4eaa553c-c733-4afc-8c1e-978387a0964f",,,
"0740188d-5366-442e-a27e-9c8521ca9289",移动床反应器,"4eaa553c-c733-4afc-8c1e-978387a0964f",,,
ba1d860f-8290-4d86-b47d-e4b1bc3596b6,流化床反应器,"4eaa553c-c733-4afc-8c1e-978387a0964f",,,
bcc5b3eb-452c-4794-b4ce-1144564af55e,釜式反应器,"4eaa553c-c733-4afc-8c1e-978387a0964f",,,
"900fb418-a110-4e67-bd30-810d9b71fff4",管式反应器,"4eaa553c-c733-4afc-8c1e-978387a0964f",,,
"4ce7e7c2-b2f1-4fed-bec8-1bfd2a1269a8",其他反应器,"4eaa553c-c733-4afc-8c1e-978387a0964f",,,
"0454d277-3912-4327-b28c-069fb13f9734",氨合成塔,"39e91afe-059e-43a1-9c24-e67cb6dc09ef",,,
"0b06024f-5407-4000-bb40-17a4e98b54e7",尿素合成塔,"39e91afe-059e-43a1-9c24-e67cb6dc09ef",,,
e62d7f4f-f8fa-4bda-82bf-16ff6229fe4d,甲醇合成塔,"39e91afe-059e-43a1-9c24-e67cb6dc09ef",,,
c13b1db7-31ae-4702-9087-483069b91655,其他合成塔,"39e91afe-059e-43a1-9c24-e67cb6dc09ef",,,
"9ac9d5fb-f8ea-48f4-843b-4d6fb7a99369",拱顶储罐,"046be199-a0e0-48a6-92de-9d7c044186e6",,,
"2e315115-c872-4210-a051-2ab9466023e8",浮顶储罐,"046be199-a0e0-48a6-92de-9d7c044186e6",,,
cd102328-25a9-428b-bc4e-fcbe08218dcd,球罐,"046be199-a0e0-48a6-92de-9d7c044186e6",,,
c7fa7916-c829-4acc-bd16-1b48d1d3a3ea,气柜,"046be199-a0e0-48a6-92de-9d7c044186e6",,,
"84b5ebf6-dd06-49ad-94eb-0df72c267a22",卧式罐,"046be199-a0e0-48a6-92de-9d7c044186e6",,,
"8d7fbd59-faf2-46d2-94f3-f9afc9ef2673",立式罐,"046be199-a0e0-48a6-92de-9d7c044186e6",,,
"4a93da99-3b87-4619-885d-459aabfdd7af",气瓶,"046be199-a0e0-48a6-92de-9d7c044186e6",,,
e0169441-d68f-40de-ae3f-ed4514c0e071,槽,"046be199-a0e0-48a6-92de-9d7c044186e6",,,
da40fa99-8948-478d-b7c9-ace93917c44b,其他罐,"046be199-a0e0-48a6-92de-9d7c044186e6",,,
eebb7464-b80d-4489-8f5a-a277b51ea219,内浮顶储罐,"2e315115-c872-4210-a051-2ab9466023e8",,,
"05de00cf-956b-42ae-a0bf-83c174ba36cb",外浮顶储罐,"2e315115-c872-4210-a051-2ab9466023e8",,,
fabfe5b4-4763-4196-ad38-4ced59745f28,管壳式换热类,"397c8d32-3dac-4e3e-b0e5-1ab8b8a1be74",,,
"8151de38-18d4-4fef-bbe9-e8c7f88ad64c",绕管式换热器,"397c8d32-3dac-4e3e-b0e5-1ab8b8a1be74",,,
"47b66c4d-c2c2-47c6-95bd-41e7b4ba7517",套管式换热器,"397c8d32-3dac-4e3e-b0e5-1ab8b8a1be74",,,
"49038251-1757-45bb-9bef-263e8188db7b",水浸式换热器,"397c8d32-3dac-4e3e-b0e5-1ab8b8a1be74",,,
"7c2f9c0a-ffe0-4753-bb5d-8ce61c355b1d",喷淋式换热器,"397c8d32-3dac-4e3e-b0e5-1ab8b8a1be74",,,
"92660765-706a-4532-8b10-599c86d271c1",回转式换热器,"397c8d32-3dac-4e3e-b0e5-1ab8b8a1be74",,,
"00747746-aecf-469e-affd-ec1e3fbe7f1b",板式换热器,"397c8d32-3dac-4e3e-b0e5-1ab8b8a1be74",,,
"40df387c-a11a-4830-87c7-97c0c6855f35",板壳式换热器,"397c8d32-3dac-4e3e-b0e5-1ab8b8a1be74",,,
"5049e8d5-9b51-4ff7-9de2-00e0eb3b391e",板翅式换热器,"397c8d32-3dac-4e3e-b0e5-1ab8b8a1be74",,,
"039b3f5c-e7e0-47b5-87a3-58ddb7871ce6",管翅式换热器,"397c8d32-3dac-4e3e-b0e5-1ab8b8a1be74",,,
"3698d03e-0aa7-4fc8-88d6-d6c894daffb1",空冷器,"397c8d32-3dac-4e3e-b0e5-1ab8b8a1be74",,,
a91589f8-6a43-42d4-8b5e-64d914191ece,外取热器,"397c8d32-3dac-4e3e-b0e5-1ab8b8a1be74",,,
"1b80257c-6d1b-498b-8cf2-7cb9d9bcd23e",容器,"397c8d32-3dac-4e3e-b0e5-1ab8b8a1be74",,,
"3c919d81-8a92-44fa-a5ca-65e466bdd851",其他换热器,"397c8d32-3dac-4e3e-b0e5-1ab8b8a1be74",,,
"7bd9c6de-9a96-49fb-9120-c2a2ffcacb90",U型管式换热器,fabfe5b4-4763-4196-ad38-4ced59745f28,,,
b47da878-c545-46fe-85f3-1215184724dd,浮头式换热器,fabfe5b4-4763-4196-ad38-4ced59745f28,,,
"8d289664-14a1-4d45-9c32-234516946817",固定管板式换热器,fabfe5b4-4763-4196-ad38-4ced59745f28,,,
"762e28f8-6f92-4f13-8573-5992bbd66c01",螺纹锁紧环换热器,fabfe5b4-4763-4196-ad38-4ced59745f28,,,
"454ee99c-a9ba-447c-a666-01b16324a1b2",其他管壳式换热器,fabfe5b4-4763-4196-ad38-4ced59745f28,,,
"6f9057ff-eeca-40e1-9c2b-425143c28b9d",压缩机,b9323015-b1c9-49f7-81cd-c3d60fc9a2b9,,,
"0fdb541c-971c-44c7-ba19-ad2bf52e3021",风机,b9323015-b1c9-49f7-81cd-c3d60fc9a2b9,,,
"5d807a52-2408-45c1-847d-d7bb5a42242b",制冷设备,b9323015-b1c9-49f7-81cd-c3d60fc9a2b9,,,
ffb6db2e-56ca-41d2-a4b1-cc19876ca21c,其他通用机械,b9323015-b1c9-49f7-81cd-c3d60fc9a2b9,,,
"47e6a88d-4383-4d6e-92c8-d9abacdaed8b",泵,b9323015-b1c9-49f7-81cd-c3d60fc9a2b9,,,
"98af04e6-fc59-4b5a-b5db-618e27a839b1",离心式压缩机,"6f9057ff-eeca-40e1-9c2b-425143c28b9d",,,
"98d356c1-130f-42da-9736-9413e179b2c2",轴(混)流式压缩机,"6f9057ff-eeca-40e1-9c2b-425143c28b9d",,,
"576cbce7-9548-4e37-b7e1-1af96910d79a",往复式压缩机,"6f9057ff-eeca-40e1-9c2b-425143c28b9d",,,
"3a4b2179-1bfe-43c8-b0fa-a9995763d965",螺杆式压缩机,"6f9057ff-eeca-40e1-9c2b-425143c28b9d",,,
"7fe78abd-4c41-4c6d-8bb5-74e08e07630c",刮板式压缩机,"6f9057ff-eeca-40e1-9c2b-425143c28b9d",,,
eced19a1-c602-4af6-9527-cc093f8e39d7,液环压缩机,"6f9057ff-eeca-40e1-9c2b-425143c28b9d",,,
ed781d6f-f986-4af3-9f18-fa82093bbe43,其他压缩机,"6f9057ff-eeca-40e1-9c2b-425143c28b9d",,,
ff93776e-19e5-41e6-a20d-5f9c21dbc765,活塞式压缩机,"576cbce7-9548-4e37-b7e1-1af96910d79a",,,
e829cdc5-0d62-4a17-b991-8f5c0a53e83f,膜片压缩机,"576cbce7-9548-4e37-b7e1-1af96910d79a",,,
e3aeaef4-8c57-4da5-82ac-f03d04af6b09,其他往复式压缩机,"576cbce7-9548-4e37-b7e1-1af96910d79a",,,
"13d4a214-609a-49e0-ab11-c6c3235f15a7",离心式风机,"0fdb541c-971c-44c7-ba19-ad2bf52e3021",,,
a4897e70-2e16-48d7-ba4b-6bc7eef09a16,轴流风机,"0fdb541c-971c-44c7-ba19-ad2bf52e3021",,,
"0f40df09-dd11-45ff-a21a-e1ffcbf65a26",螺杆式风机,"0fdb541c-971c-44c7-ba19-ad2bf52e3021",,,
"4c82c821-dcc3-41ab-a687-e93c3f21bc00",罗茨鼓风机,"0fdb541c-971c-44c7-ba19-ad2bf52e3021",,,
"638b45f7-8595-4bc5-bccf-fbda065a9933",其他风机,"0fdb541c-971c-44c7-ba19-ad2bf52e3021",,,
f7e052e9-beba-4e47-b86d-39b9c58d19fa,制冷机(冰机、冷冻机),"5d807a52-2408-45c1-847d-d7bb5a42242b",,,
"410978e4-a7a8-45b8-a99f-a4b4f8635f3b",空调系统,"5d807a52-2408-45c1-847d-d7bb5a42242b",,,
"61dd3490-b8c5-4f11-a15f-69939107867a",离心式制冷机,f7e052e9-beba-4e47-b86d-39b9c58d19fa,,,
"4b95a5a2-3095-4433-921c-af1910e8eedb",往复式制冷机,f7e052e9-beba-4e47-b86d-39b9c58d19fa,,,
"3a9e0bcc-b87a-4a11-8123-1d92e13a25fe",螺杆式制冷机,f7e052e9-beba-4e47-b86d-39b9c58d19fa,,,
"06948312-6a69-400e-83ea-a117032d1994",其他制冷机,f7e052e9-beba-4e47-b86d-39b9c58d19fa,,,
"5c4968bd-29dc-4559-bb8e-88643dcf29f7",混流泵,"47e6a88d-4383-4d6e-92c8-d9abacdaed8b",,,
bc83103c-6d03-4b23-81e5-a04eae50ce04,轴流泵,"47e6a88d-4383-4d6e-92c8-d9abacdaed8b",,,
"948d0f5f-8be4-4456-b0b9-f091fb4821f0",往复泵,"47e6a88d-4383-4d6e-92c8-d9abacdaed8b",,,
"83bfc36c-592c-4be7-ac73-823eb15d6000",回转泵,"47e6a88d-4383-4d6e-92c8-d9abacdaed8b",,,
"94cdce49-4108-4b30-b154-ea1b694cbd67",旋涡泵,"47e6a88d-4383-4d6e-92c8-d9abacdaed8b",,,
"661d8450-acdf-4e25-88b3-0fdcfb9e1108",屏蔽泵,"47e6a88d-4383-4d6e-92c8-d9abacdaed8b",,,
"574380cc-e7df-41bb-a26f-559d3c1c69cc",磁力泵,"47e6a88d-4383-4d6e-92c8-d9abacdaed8b",,,
d25a32a6-8ff9-4d21-9ff2-bd3926f44e74,喷射泵(器),"47e6a88d-4383-4d6e-92c8-d9abacdaed8b",,,
ed496afa-0900-486f-b447-7fe7fd0ff63f,其他泵,"47e6a88d-4383-4d6e-92c8-d9abacdaed8b",,,
"1ec6909e-8587-49b7-b35c-e821c8b9771b",离心泵,"47e6a88d-4383-4d6e-92c8-d9abacdaed8b",,,
"6ec2b221-b8a9-4cfe-a020-dbbf0c1c40cb",活塞(或柱塞)泵,"948d0f5f-8be4-4456-b0b9-f091fb4821f0",,,
c9d5e902-4c74-49dc-9b77-6caafffa234c,隔膜泵,"948d0f5f-8be4-4456-b0b9-f091fb4821f0",,,
"8ed199ee-a512-4a23-846c-497e247c8082",其他往复泵,"948d0f5f-8be4-4456-b0b9-f091fb4821f0",,,
"24cfef24-9277-4df8-bb79-8b4191522948",齿轮泵,"83bfc36c-592c-4be7-ac73-823eb15d6000",,,
"39873489-e164-474b-9af4-4f4dfcb90b51",螺杆泵,"83bfc36c-592c-4be7-ac73-823eb15d6000",,,
"5bec6f81-eca4-494c-a78a-f87df0c5ca7b",滑片泵,"83bfc36c-592c-4be7-ac73-823eb15d6000",,,
"6525a307-ea19-4848-b85f-1c42390898d0",液环泵,"83bfc36c-592c-4be7-ac73-823eb15d6000",,,
"3d3f6bc7-e0d3-43a0-939b-2d35da8893d1",其他转子泵,"83bfc36c-592c-4be7-ac73-823eb15d6000",,,
dd790f9f-df66-43d4-b24e-2a8603b2d5eb,单级泵,"1ec6909e-8587-49b7-b35c-e821c8b9771b",,,
ed732cc9-c3d6-49f8-a2f9-5c054672adf2,多级泵,"1ec6909e-8587-49b7-b35c-e821c8b9771b",,,
"5beb2d99-a621-4ea6-ade3-5b6be707530f",高速泵,"1ec6909e-8587-49b7-b35c-e821c8b9771b",,,
"3ebffad8-dc36-4d13-97f1-219a4924a228",辅助仪表,"3f33c95a-3f20-4205-a4f0-0e7f4082a843",,,
"0833a467-906f-4bd0-8ef9-3682da967afe",在线分析仪表,"3f33c95a-3f20-4205-a4f0-0e7f4082a843",,,
cc60cd8a-c282-4c20-814f-3fe725b9add0,特殊仪表,"3f33c95a-3f20-4205-a4f0-0e7f4082a843",,,
a3338590-3bb7-4a2e-9587-1c40745fd600,测量仪表,"3f33c95a-3f20-4205-a4f0-0e7f4082a843",,,
"5102b1b6-ada9-44ca-b728-043b2505fe2b",控制阀及附件,"3f33c95a-3f20-4205-a4f0-0e7f4082a843",,,
"89f4d45e-a6fb-48ea-b259-139b1a97de2f",安全环保仪表,"3f33c95a-3f20-4205-a4f0-0e7f4082a843",,,
e7f96154-735c-463c-964a-7851bec47f93,计量器具,"3f33c95a-3f20-4205-a4f0-0e7f4082a843",,,
a6b585de-28a5-4081-9ba2-a7df459fe828,其它仪器仪表,"3f33c95a-3f20-4205-a4f0-0e7f4082a843",,,
dae6b319-133b-42e3-a942-99a3eaf55b35,安全栅,"3ebffad8-dc36-4d13-97f1-219a4924a228",,,
"0e8b1c42-8d43-4af7-b606-50d882842678",信号分配器,"3ebffad8-dc36-4d13-97f1-219a4924a228",,,
"0787104d-fe43-492b-b65d-08daa1acd2fe",信号转换器,"3ebffad8-dc36-4d13-97f1-219a4924a228",,,
"9720e614-2b74-4a65-a4a1-d0af9da55a2f",报警设定器,"3ebffad8-dc36-4d13-97f1-219a4924a228",,,
e20126b1-53ca-42a4-9ca6-c10f85004816,仪表直流电源装置,"3ebffad8-dc36-4d13-97f1-219a4924a228",,,
"73d3ced1-f86d-4738-bdc8-d7518225bbae",浪涌保护器,"3ebffad8-dc36-4d13-97f1-219a4924a228",,,
"4378e607-cb4b-432c-b68a-a96fbcc3b16c",通风柜,"3ebffad8-dc36-4d13-97f1-219a4924a228",,,
c571e367-0ade-40c8-8038-43e41260ed68,实验台,"3ebffad8-dc36-4d13-97f1-219a4924a228",,,
"445c1f1b-5db5-445d-afdf-8721fa36295f",计量批控器,"3ebffad8-dc36-4d13-97f1-219a4924a228",,,
"56a2e937-7ec3-4cca-b805-83126bacdfd6",其它辅助仪表,"3ebffad8-dc36-4d13-97f1-219a4924a228",,,
"8e49ae54-4f70-435e-bb58-221867afe2e0",拉曼光谱分析仪,"0833a467-906f-4bd0-8ef9-3682da967afe",,,
ac200b82-60aa-4296-9756-1583c63016eb,工业色谱仪,"0833a467-906f-4bd0-8ef9-3682da967afe",,,
a22e5328-b60d-4c5b-ae89-15097f172689,磁氧分析仪,"0833a467-906f-4bd0-8ef9-3682da967afe",,,
d2f9601b-fe4c-42ce-bbfd-c2868de19fc0,氧化锆分析仪,"0833a467-906f-4bd0-8ef9-3682da967afe",,,
daf8be26-2f11-4ab8-bc14-e6e274373cf3,氢分析仪,"0833a467-906f-4bd0-8ef9-3682da967afe",,,
"26ee8708-0700-4e2d-a24b-1557c8b9fcf8",硫分析仪,"0833a467-906f-4bd0-8ef9-3682da967afe",,,
f408e16f-f946-4278-b32c-ed47a957297d,PH计,"0833a467-906f-4bd0-8ef9-3682da967afe",,,
"04667aa0-e3b2-4a5f-8681-dfb603425885",凝固点分析仪,"0833a467-906f-4bd0-8ef9-3682da967afe",,,
"0592ef4a-7c13-42ca-ba7e-d823e55bf4af",微量水份分析仪,"0833a467-906f-4bd0-8ef9-3682da967afe",,,
ee3b8dac-a00b-49f8-b8d5-78948028902f,密度计,"0833a467-906f-4bd0-8ef9-3682da967afe",,,
"28fc06b1-86c6-40ff-a304-855b65962e25",粘度计,"0833a467-906f-4bd0-8ef9-3682da967afe",,,
b972c272-5bd0-4650-9c76-bfd431792d5a,溶解氧分析仪,"0833a467-906f-4bd0-8ef9-3682da967afe",,,
"941338d2-1242-476a-bf37-785019845097",电导仪,"0833a467-906f-4bd0-8ef9-3682da967afe",,,
"4212834c-6221-43b3-a559-87cd0145af96",硅含量分析仪,"0833a467-906f-4bd0-8ef9-3682da967afe",,,
"947228e7-81c4-486c-9c56-9d00eafb6606",TOC分析仪,"0833a467-906f-4bd0-8ef9-3682da967afe",,,
"23e6cae6-2d11-41c1-9ab7-88ce2e002f59",油含量分析仪,"0833a467-906f-4bd0-8ef9-3682da967afe",,,
"9d8e43b7-edb5-45f9-85f0-186817d81da5",近红外分析仪,"0833a467-906f-4bd0-8ef9-3682da967afe",,,
c56af121-69e6-4d77-89fa-232242d039a7,红外分析仪,"0833a467-906f-4bd0-8ef9-3682da967afe",,,
"70bc1995-8127-4eee-90b9-e151556a796f",紫外分析仪,"0833a467-906f-4bd0-8ef9-3682da967afe",,,
cbb34475-f61a-471d-9919-5c89711e6ab3,激光分析仪,"0833a467-906f-4bd0-8ef9-3682da967afe",,,
f90c9858-c3e5-4a93-9b42-c65fb44a5b8b,馏程分析仪,"0833a467-906f-4bd0-8ef9-3682da967afe",,,
"837d40f4-86af-4b42-891d-92e2c1ad0da5",闪点分析仪,"0833a467-906f-4bd0-8ef9-3682da967afe",,,
"656f6380-fb62-4409-a771-0d6c68dee664",浊度分析仪,"0833a467-906f-4bd0-8ef9-3682da967afe",,,
ab838d7e-4aec-464e-9f32-16b5c5246239,余氯分析仪,"0833a467-906f-4bd0-8ef9-3682da967afe",,,
"51e675a0-ea76-489a-87c1-c676cc451fd9",联氨分析仪,"0833a467-906f-4bd0-8ef9-3682da967afe",,,
"256cef75-d6f7-4cb0-be63-cadb3c0a9a82",辛烷值分析仪,"0833a467-906f-4bd0-8ef9-3682da967afe",,,
"00ba32d1-8b70-4ccd-ad08-c537570c484b",磷酸根分析仪,"0833a467-906f-4bd0-8ef9-3682da967afe",,,
cefae990-3512-4051-b9b3-602099374f51,硅酸根分析仪,"0833a467-906f-4bd0-8ef9-3682da967afe",,,
"468dee2b-7e44-4917-938e-c3241f576f49",熔融指数仪,"0833a467-906f-4bd0-8ef9-3682da967afe",,,
"6d5f9871-c2f8-458a-9332-bba57b379e82",ORP分析仪,"0833a467-906f-4bd0-8ef9-3682da967afe",,,
ba049d26-783c-42c8-bb41-7e125cc8c7b8,静电尘度分析仪,"0833a467-906f-4bd0-8ef9-3682da967afe",,,
d851f0f6-9817-4cb7-b0d8-a34ebd904414,微量氧分析仪,"0833a467-906f-4bd0-8ef9-3682da967afe",,,
"0395a45f-1e9e-4900-98af-9797859ac0c1",灰份仪,"0833a467-906f-4bd0-8ef9-3682da967afe",,,
"3d9b74be-1eca-4da1-b9d7-5eb3503c1125",其它在线分析仪表,"0833a467-906f-4bd0-8ef9-3682da967afe",,,
"66e0f869-b205-4d45-9911-525d0fb7db35",转速检测仪表,cc60cd8a-c282-4c20-814f-3fe725b9add0,,,
"14e8c196-ac70-4971-98ba-508a3e802634",位移检测仪表,cc60cd8a-c282-4c20-814f-3fe725b9add0,,,
"254dde05-1c5b-4366-a471-13a513e20898",振动检测仪表,cc60cd8a-c282-4c20-814f-3fe725b9add0,,,
"04ead3a8-dc96-4346-ab35-bb78507db726",超速保护器,cc60cd8a-c282-4c20-814f-3fe725b9add0,,,
f4e1b6e5-3282-4890-88b8-143ba90fdf17,其它特殊仪表,cc60cd8a-c282-4c20-814f-3fe725b9add0,,,
"45224786-8eaf-4911-adce-98566de9c7a5",温度仪表,a3338590-3bb7-4a2e-9587-1c40745fd600,,,
"5e04dbac-9499-4020-a6b9-9720a776bd26",湿度仪表,a3338590-3bb7-4a2e-9587-1c40745fd600,,,
f95713e2-c53c-4d8d-ae66-899ced9014c4,压力仪表,a3338590-3bb7-4a2e-9587-1c40745fd600,,,
"73e2d4b8-4269-4b73-897a-470b106b971f",流量仪表,a3338590-3bb7-4a2e-9587-1c40745fd600,,,
df6ed6d0-e732-4ca7-b9d3-3923090908a9,物位仪表,a3338590-3bb7-4a2e-9587-1c40745fd600,,,
e24e551e-1f4e-4953-9f0a-9e9412127feb,热电偶,"45224786-8eaf-4911-adce-98566de9c7a5",,,
fcfd1b44-5069-4bde-bfa3-2c7a4b2af701,热电阻,"45224786-8eaf-4911-adce-98566de9c7a5",,,
"07c5a305-5943-4a72-b6c6-d1379ff522ba",温度开关,"45224786-8eaf-4911-adce-98566de9c7a5",,,
c2d8c49e-a5cb-4ee1-b0b5-e046743f0557,温度变送器,"45224786-8eaf-4911-adce-98566de9c7a5",,,
be616e21-9d5b-4111-be02-91685a75a1f5,其它温度仪表,"45224786-8eaf-4911-adce-98566de9c7a5",,,
"1abc9a10-4ec3-4048-b35d-c63472faaa5d",压力(差压)开关,f95713e2-c53c-4d8d-ae66-899ced9014c4,,,
a8b7aeba-a66d-4f68-b2b8-878d8c8f15a8,压力(差压)变送器,f95713e2-c53c-4d8d-ae66-899ced9014c4,,,
"690dd698-bf70-473f-9b75-818c82e4229a",电接点压力表,f95713e2-c53c-4d8d-ae66-899ced9014c4,,,
"50c4b071-9dd1-48bc-b2f2-8e3d37d6381e",其它压力仪表,f95713e2-c53c-4d8d-ae66-899ced9014c4,,,
"67d3d9d9-c799-4c81-ae51-7c6dfddff2fb",节流元件,"73e2d4b8-4269-4b73-897a-470b106b971f",,,
"366c86a8-b2ce-49c4-ab6f-72bc56963419",流量开关,"73e2d4b8-4269-4b73-897a-470b106b971f",,,
"357c53e7-5ffc-44c3-94e1-9d4a59ade3ef",容积式流量计,"73e2d4b8-4269-4b73-897a-470b106b971f",,,
"81b80d52-5aca-473a-a0b7-c3fbe484c79f",差压式流量计,"73e2d4b8-4269-4b73-897a-470b106b971f",,,
"41ac3cd4-7fb8-4388-93b3-b7e802ce5a73",超声波流量计,"73e2d4b8-4269-4b73-897a-470b106b971f",,,
"2f86b49f-7858-427c-86cf-ce8fd4e38665",涡轮流量计,"73e2d4b8-4269-4b73-897a-470b106b971f",,,
"1cde72d5-e13b-413e-a85a-297008334883",质量流量计,"73e2d4b8-4269-4b73-897a-470b106b971f",,,
"06fbcb2f-e7a7-4a38-b804-f0b32b554854",热式质量流量计,"73e2d4b8-4269-4b73-897a-470b106b971f",,,
"65b9db22-3f4d-4514-8fe0-2267b345ef42",涡街(旋涡)流量计,"73e2d4b8-4269-4b73-897a-470b106b971f",,,
"00a02e44-bede-43e2-aade-8aa77eb3fcdb",电磁流量计,"73e2d4b8-4269-4b73-897a-470b106b971f",,,
"9a7eebda-a8b4-4607-80a3-cdb903ae63d7",靶式流量计,"73e2d4b8-4269-4b73-897a-470b106b971f",,,
b3a871b6-9a3a-4ec4-932c-068e139b9cd8,转子流量计,"73e2d4b8-4269-4b73-897a-470b106b971f",,,
"82b4d503-1363-4bd3-a745-32cee13402d3",阿钮巴流量计,"73e2d4b8-4269-4b73-897a-470b106b971f",,,
c32dd736-a998-431d-8815-a3f9f469e18c,料位开关,df6ed6d0-e732-4ca7-b9d3-3923090908a9,,,
"438e2156-4f6d-44d2-8e7e-3313e4c55d58",雷达液位计,df6ed6d0-e732-4ca7-b9d3-3923090908a9,,,
ff725cec-f097-4cce-ab59-9c139831e7e4,超声波料位计,df6ed6d0-e732-4ca7-b9d3-3923090908a9,,,
"06ec4c00-1f6b-4f17-ac15-1ef9dfe31949",伺服液位计,df6ed6d0-e732-4ca7-b9d3-3923090908a9,,,
"9b28a883-8026-4f30-be7d-f7f8449196b5",导纳(电容)液位计,df6ed6d0-e732-4ca7-b9d3-3923090908a9,,,
"583d6e38-3e10-4a2c-bcf5-fc7f5bd444e4",差压式液位计,df6ed6d0-e732-4ca7-b9d3-3923090908a9,,,
"14254ba4-70ba-4b78-b897-8c21cf9c654c",浮球液位计,df6ed6d0-e732-4ca7-b9d3-3923090908a9,,,
"1d95d361-8629-45d1-87be-b08cf09aa991",浮筒液位计,df6ed6d0-e732-4ca7-b9d3-3923090908a9,,,
"1b097ef3-27b9-4132-a733-f21cae7b489e",外测式液位计,df6ed6d0-e732-4ca7-b9d3-3923090908a9,,,
b17114b2-ad92-4fcd-a1aa-d68488c5ad4c,辐射式液位计,df6ed6d0-e732-4ca7-b9d3-3923090908a9,,,
"73c3f36f-bd80-4dd0-84f3-f0aff6519d37",磁浮式液位计,df6ed6d0-e732-4ca7-b9d3-3923090908a9,,,
"6c9bc398-f6fa-48b4-8c13-d27d3cb138d3",储罐液位称重仪,df6ed6d0-e732-4ca7-b9d3-3923090908a9,,,
"741241d7-49cb-4f7e-87ad-f95df8cb9a16",其它物位仪表,df6ed6d0-e732-4ca7-b9d3-3923090908a9,,,
f8831933-a623-4bcb-811f-a41d62dc2284,调节阀,"5102b1b6-ada9-44ca-b728-043b2505fe2b",,,
"7435590d-fee4-4ff6-9d8b-76e90b04353a",开关阀,"5102b1b6-ada9-44ca-b728-043b2505fe2b",,,
"32ddc07c-28ad-4afb-a7b3-5c61273fc5d0",定位器,"5102b1b6-ada9-44ca-b728-043b2505fe2b",,,
"73614201-7d94-4eef-8227-6a8746d48d9b",电磁阀,"5102b1b6-ada9-44ca-b728-043b2505fe2b",,,
bc71d96c-ed55-4794-9f7d-02650f3cf4f5,电气及气电转换器,"5102b1b6-ada9-44ca-b728-043b2505fe2b",,,
"149828fa-871c-43c0-8eba-be9221e7dcb3",位置开关,"5102b1b6-ada9-44ca-b728-043b2505fe2b",,,
"2426e59b-1010-4c7d-88e8-4a22dc338b4c",其它附件,"5102b1b6-ada9-44ca-b728-043b2505fe2b",,,
"67604999-3bf0-498d-8579-b0ed258ceaaa",有毒气体报警仪表,"89f4d45e-a6fb-48ea-b259-139b1a97de2f",,,
"359931d4-194e-450e-8371-3d0983e7a185",化学需氧量分析仪表(COD),"89f4d45e-a6fb-48ea-b259-139b1a97de2f",,,
"70b779f8-c33d-4cf8-add3-07d34bd0db14",可燃气体报警仪表,"89f4d45e-a6fb-48ea-b259-139b1a97de2f",,,
"37f41bed-0a24-4a3d-a559-22f09ea3c55d",压力表,e7f96154-735c-463c-964a-7851bec47f93,,,
c5dec897-58d1-4eda-95a6-95de7c305177,温度计,e7f96154-735c-463c-964a-7851bec47f93,,,
"129ddbed-0219-448e-a7de-fec35399c6e9",衡器,e7f96154-735c-463c-964a-7851bec47f93,,,
fdd80c2e-2a90-44ec-bf8f-e2daf8b103a6,分析仪,e7f96154-735c-463c-964a-7851bec47f93,,,
b0ee1ac3-05dc-4306-948b-50bce41037fa,工作压力表,"37f41bed-0a24-4a3d-a559-22f09ea3c55d",,,
"88e62838-5cd4-4c8e-9add-7bbe7858ee7c",双金属温度计,c5dec897-58d1-4eda-95a6-95de7c305177,,,
c548a781-f5a5-41e6-a3eb-6af5733f26f8,汽车衡,"129ddbed-0219-448e-a7de-fec35399c6e9",,,
"88ed488f-85db-4518-99e6-607ceb72b315",皮带秤,"129ddbed-0219-448e-a7de-fec35399c6e9",,,
"929d81d8-b1c4-4d0c-a386-fe358098651b",其它分析仪,fdd80c2e-2a90-44ec-bf8f-e2daf8b103a6,,,
eb71c81e-b07f-4c0c-b529-9a6e090d28b6,电导率仪,fdd80c2e-2a90-44ec-bf8f-e2daf8b103a6,,,
"3e5e5c2b-fa55-471a-bbf7-9157508ea0c5",起重搬运机械,"06f1cbd1-cff0-407e-acb1-df43d845eb3f",,,
d92128bc-5d53-4aa6-9cf5-d53004ae8587,给料机械,"06f1cbd1-cff0-407e-acb1-df43d845eb3f",,,
f4e1f116-ffa2-48b8-87b7-edf37dbcc93e,桥式类型起重机,"3e5e5c2b-fa55-471a-bbf7-9157508ea0c5",,,
"083a57c7-3042-4a2c-8a93-d4b5f3d9c0bc",轻小型起重设备,"3e5e5c2b-fa55-471a-bbf7-9157508ea0c5",,,
dc9b9bfe-ab5c-44b4-8021-cca6c980f8ec,输送设备,"3e5e5c2b-fa55-471a-bbf7-9157508ea0c5",,,
"151a9b7f-3a7b-474b-a858-be09cf3c50fb",其他桥式类型起重机,f4e1f116-ffa2-48b8-87b7-edf37dbcc93e,,,
"2b73b43a-58a3-4d0a-b848-8d11fe1d2edf",电动葫芦,"083a57c7-3042-4a2c-8a93-d4b5f3d9c0bc",,,
c590c2e1-ebe7-420a-8d0d-9c3446bc2d5b,气动葫芦,"083a57c7-3042-4a2c-8a93-d4b5f3d9c0bc",,,
"34124bea-44a3-4374-b2a3-441cb4c3e0a4",其他轻小型起重设备,"083a57c7-3042-4a2c-8a93-d4b5f3d9c0bc",,,
b4ac1ac3-35a3-4dba-8720-8e863c55aed0,带式输送机,dc9b9bfe-ab5c-44b4-8021-cca6c980f8ec,,,
"9207badd-b1e4-469e-9763-730dd73e77f9",螺旋输送机,dc9b9bfe-ab5c-44b4-8021-cca6c980f8ec,,,
ffdd9a4f-0fe0-46c4-91ed-015720ba3497,刮板输送机,dc9b9bfe-ab5c-44b4-8021-cca6c980f8ec,,,
"7cef3c9e-e49f-4a5b-984c-b711f5a874f2",板式输送机,dc9b9bfe-ab5c-44b4-8021-cca6c980f8ec,,,
aa82727b-e6ea-4670-bdbb-17652e683e4c,悬挂输送机,dc9b9bfe-ab5c-44b4-8021-cca6c980f8ec,,,
efc32ca0-63a2-4ffd-b568-107b423b58d3,振动输送机,dc9b9bfe-ab5c-44b4-8021-cca6c980f8ec,,,
d3975fef-8e7a-42e0-8e7c-a87c85644fe2,辊子输送机,dc9b9bfe-ab5c-44b4-8021-cca6c980f8ec,,,
"774a1237-b70d-4cd8-853b-8548a48cca19",气力输送机,dc9b9bfe-ab5c-44b4-8021-cca6c980f8ec,,,
"912b75bf-e2d0-408a-a658-41fe35ceae61",斗式提升机,dc9b9bfe-ab5c-44b4-8021-cca6c980f8ec,,,
f700ad07-75c4-46a0-8d40-637f2277418c,翻板运输机,dc9b9bfe-ab5c-44b4-8021-cca6c980f8ec,,,
af8d83a3-2623-46fc-a727-da1dae1f6011,振动提升机,dc9b9bfe-ab5c-44b4-8021-cca6c980f8ec,,,
aeffd4be-b181-4616-8f65-da9446721582,螺杆输送机,dc9b9bfe-ab5c-44b4-8021-cca6c980f8ec,,,
eb51d613-5270-4049-a55d-d28c946e2628,其他输送机械,dc9b9bfe-ab5c-44b4-8021-cca6c980f8ec,,,
"2de5da3e-f0bd-42a3-9e04-42f0ba6a2714",往复式给料机,d92128bc-5d53-4aa6-9cf5-d53004ae8587,,,
"02ca5869-9bb6-403a-bf97-f83bebbf8cff",带式给料机,d92128bc-5d53-4aa6-9cf5-d53004ae8587,,,
"744fd8fa-3398-411d-9417-2cccd19c0644",安全检测及保护设备,"02249ead-d881-43af-92d5-521c845bfcd6",,,
aeb6bfd5-f1de-48f6-b8dc-6c0114a3518c,环保专用设备,"02249ead-d881-43af-92d5-521c845bfcd6",,,
a3fcd235-90d5-4e27-8fd4-08bdf305187e,消防设备,"744fd8fa-3398-411d-9417-2cccd19c0644",,,
e4bb57b5-1a21-4019-af04-6f1bd5acf593,其他安全专用设备,"744fd8fa-3398-411d-9417-2cccd19c0644",,,
"9fc530f8-f1c0-4634-8c4a-7a8e9fe05cd4",灭火设备,a3fcd235-90d5-4e27-8fd4-08bdf305187e,,,
"6169fed6-fef9-4c3a-a89e-80134bd2c298",消防水系统设施,a3fcd235-90d5-4e27-8fd4-08bdf305187e,,,
bb16e3a6-71f9-4e1f-b6bd-8ba1519832c9,除尘设备,aeb6bfd5-f1de-48f6-b8dc-6c0114a3518c,,,
"5a9b3336-13d7-4ab1-9ff7-8912b450df14",有害气体处理设备,aeb6bfd5-f1de-48f6-b8dc-6c0114a3518c,,,
"883a4047-100b-42b7-84ab-099f706a3051",污水处理设备,aeb6bfd5-f1de-48f6-b8dc-6c0114a3518c,,,
a10c0786-f448-45bf-82e6-b6ecf4ad4313,固体废弃物处理设备,aeb6bfd5-f1de-48f6-b8dc-6c0114a3518c,,,
"8a46eea3-0a7c-4826-b7ff-a4b7b44f18e4",噪声与振动控制设备,aeb6bfd5-f1de-48f6-b8dc-6c0114a3518c,,,
c07ac781-3c87-471d-ba52-17671817f025,油气回收装置,aeb6bfd5-f1de-48f6-b8dc-6c0114a3518c,,,
ecbdb968-1cf9-44c1-b9ce-067a7458ada2,大气监测设备,aeb6bfd5-f1de-48f6-b8dc-6c0114a3518c,,,
"3fb739d5-ff10-4389-8e26-138e16c605cc",水质监测设备,aeb6bfd5-f1de-48f6-b8dc-6c0114a3518c,,,
fe11ed49-1f04-45fe-bfda-e8f54424a37c,其它环境保护设备,aeb6bfd5-f1de-48f6-b8dc-6c0114a3518c,,,
"74b0e434-1825-4d19-8689-b6a410dc4356",隔油设备,"883a4047-100b-42b7-84ab-099f706a3051",,,
dad22519-0029-46c6-aefa-a79a8c0dc30d,浮选设备,"883a4047-100b-42b7-84ab-099f706a3051",,,
f205a56f-4a77-4830-8071-6642fa3e0482,曝气设备,"883a4047-100b-42b7-84ab-099f706a3051",,,
"9fae4fb3-bc51-4a4e-9d0c-778f601aae7a",生化处理设备,"883a4047-100b-42b7-84ab-099f706a3051",,,
e22e7025-0099-4012-af3a-f9fc9ec739d2,移动污水处理装置,"883a4047-100b-42b7-84ab-099f706a3051",,,
a0495ebb-e704-4e41-9fc6-44ed6777b0d0,其他污水处理设备,"883a4047-100b-42b7-84ab-099f706a3051",,,
"4e37a128-c9be-4e8b-9373-ffa29ae6e245",零部件,,,,
"3b5c2bed-4628-452a-841e-cdc1c46d4496",管道元件,"4e37a128-c9be-4e8b-9373-ffa29ae6e245",,,
c58060a4-5842-47b0-b0e9-4e383aa7b50b,管子管件,"3b5c2bed-4628-452a-841e-cdc1c46d4496",,,
"42695690-5943-476e-b5dd-3a9c001ad499",管道连接件,"3b5c2bed-4628-452a-841e-cdc1c46d4496",,,
"34ab925c-f90e-4582-a51a-e7b4cd10b024",管子,c58060a4-5842-47b0-b0e9-4e383aa7b50b,,,
d527d9e7-9fba-45c7-b0d6-428646f34829,弯头,c58060a4-5842-47b0-b0e9-4e383aa7b50b,,,
"10ec162e-aff0-4bae-b764-045a0040677b",三通/四通,c58060a4-5842-47b0-b0e9-4e383aa7b50b,,,
"8751ff2e-b51c-4d85-aa2f-0ea9128cba6d",异径管,c58060a4-5842-47b0-b0e9-4e383aa7b50b,,,
"2852a553-d056-4c61-b6c7-7c1b8b740206",管帽,c58060a4-5842-47b0-b0e9-4e383aa7b50b,,,
"4e14d4a9-4a37-453a-835c-1ec72fe38ea3",丝堵,c58060a4-5842-47b0-b0e9-4e383aa7b50b,,,
d30c263d-d2dd-4146-b2b3-84edf7d9c22d,支管台,c58060a4-5842-47b0-b0e9-4e383aa7b50b,,,
e37cf776-36be-4cd2-9d17-a8b349e2101d,管道接头,c58060a4-5842-47b0-b0e9-4e383aa7b50b,,,
"80a40ad6-33ad-47aa-923e-6b2a335ce190",接缘,c58060a4-5842-47b0-b0e9-4e383aa7b50b,,,
"00d6d78e-e1dc-4657-a62f-5f5f6f9a9242",管箍,c58060a4-5842-47b0-b0e9-4e383aa7b50b,,,
cb4f6373-9699-448b-ac8e-e67568dee0d1,其它管件,c58060a4-5842-47b0-b0e9-4e383aa7b50b,,,
a01fe755-3dde-4f5b-8836-57af7b8395e4,法兰,"42695690-5943-476e-b5dd-3a9c001ad499",,,
"8f7212c6-4372-41f3-a674-8a13aaab8bc1",垫片,"42695690-5943-476e-b5dd-3a9c001ad499",,,
c688696f-dc5b-4451-a4d7-11e2b3af5de4,法兰盖,"42695690-5943-476e-b5dd-3a9c001ad499",,,
"115ec00d-53ec-4290-9d5d-ccd46180e640",倒流防止阀,d02b5808-6fa7-4fae-b350-561632ef6b0b,,,
eca18ae5-8388-434f-9923-619f055ba2d8,截止阀,d02b5808-6fa7-4fae-b350-561632ef6b0b,,,
"6916a25d-90b1-4748-b5f8-647b8ab5fc2e",减温减压阀,d02b5808-6fa7-4fae-b350-561632ef6b0b,,,
"28196aba-1e2e-40c1-aeb8-0a1c084a0820",蒸汽疏水阀,d02b5808-6fa7-4fae-b350-561632ef6b0b,,,
c9e149a9-e00c-4dd3-a68a-dd4ea197b8b5,堵阀,d02b5808-6fa7-4fae-b350-561632ef6b0b,,,
"2bed8a32-2a34-437d-9d69-22d3a3e08d19",球阀,d02b5808-6fa7-4fae-b350-561632ef6b0b,,,
bf56d3f4-3c55-4b6e-997f-3a37bd8a17f7,排污阀,d02b5808-6fa7-4fae-b350-561632ef6b0b,,,
"4c18b578-a93c-43d5-877a-12e0b919d14f",旋塞阀,d02b5808-6fa7-4fae-b350-561632ef6b0b,,,
d6a1fe78-2f10-4b05-8c58-97cf9a93d070,节流阀,d02b5808-6fa7-4fae-b350-561632ef6b0b,,,
c69f5250-8c71-4021-9693-74b0134b4d49,进排气阀,d02b5808-6fa7-4fae-b350-561632ef6b0b,,,
"78827d1f-ca27-4978-8841-30fe5093d25f",隔膜阀,d02b5808-6fa7-4fae-b350-561632ef6b0b,,,
"0ebafc6e-187b-45b5-95f6-106283a9e126",柱塞阀,d02b5808-6fa7-4fae-b350-561632ef6b0b,,,
"4a71d411-8e49-4d4a-b236-6e9924a96840",闸阀,d02b5808-6fa7-4fae-b350-561632ef6b0b,,,
"5e0f5c8c-7355-4fbe-9bed-81ef5011e256",减压阀,d02b5808-6fa7-4fae-b350-561632ef6b0b,,,
d4d72aad-3b10-4a7a-b30b-2f42ea34a8e8,排渣阀,d02b5808-6fa7-4fae-b350-561632ef6b0b,,,
b44c5709-db44-4d81-9c22-74e8e15ad5e5,控制阀,d02b5808-6fa7-4fae-b350-561632ef6b0b,,,
"7026f70f-1a35-490e-90cb-f06bd0258fe0",蝶阀,d02b5808-6fa7-4fae-b350-561632ef6b0b,,,
"8f8185b2-a6ec-41cf-a9d1-573a5ee7e4cc",止回阀,d02b5808-6fa7-4fae-b350-561632ef6b0b,,,
d485eda5-76e8-4bb0-859a-9b17c11e8dc4,其它阀门,d02b5808-6fa7-4fae-b350-561632ef6b0b,,,
"63f1f743-9c22-4b3c-bb6e-ba3a01cc1e8e",螺栓,"4e37a128-c9be-4e8b-9373-ffa29ae6e245",,,
"92c81309-9e1e-4119-b6e7-9ff951111c70",螺母,"4e37a128-c9be-4e8b-9373-ffa29ae6e245",,,
d265d390-065c-4739-98db-df79b6d27169,吹灰器,"4e37a128-c9be-4e8b-9373-ffa29ae6e245",,,
d3dc51f2-e7af-442e-b5ab-6e993fbabeba,组成部分,,,,
"8e2bdd93-f6a4-442c-a7a6-bc0fada124e4",辐射室,d3dc51f2-e7af-442e-b5ab-6e993fbabeba,,,
bf5cb05b-3508-4ee1-aae8-e6770b9ceffe,对流室,d3dc51f2-e7af-442e-b5ab-6e993fbabeba,,,
"19761d2d-7051-42ef-81d7-a848f5d3f403",塔段,d3dc51f2-e7af-442e-b5ab-6e993fbabeba,,,
"1e276e7d-309a-4857-9938-e38de80102f4",第二分类,,,,
"2031409b-4763-444c-8c32-3919f30588a8",特种设备,"1e276e7d-309a-4857-9938-e38de80102f4",,,
"5fc8c4ec-bc38-49d0-94a2-cbc8403a5dc5",常压储罐,"2031409b-4763-444c-8c32-3919f30588a8",,,
fbda7ffc-9add-4418-ab6b-3c1b68927f2d,安全附件,"2031409b-4763-444c-8c32-3919f30588a8",,,
"97e54041-380b-44b6-86f3-5671f920925f",特殊结构泵,"1e276e7d-309a-4857-9938-e38de80102f4",,,
"96f58198-62f9-4193-b202-f7842e3e89e5",计量泵,"97e54041-380b-44b6-86f3-5671f920925f",,,
ce4d207c-59a2-4077-b04a-152873df405c,真空泵,"97e54041-380b-44b6-86f3-5671f920925f",,,
"4578c451-ca1d-4196-bec9-a091a23adccb",镇海补充,,,,
bd3a5a8c-fd2e-411d-86bc-de02f392d3f3,分支,"4578c451-ca1d-4196-bec9-a091a23adccb",,,
ee790231-2e64-40bc-ab40-3f47d01fe51e,其它管道附件,"4578c451-ca1d-4196-bec9-a091a23adccb",,,
"563bd1d5-3a79-4e12-9986-92f9c625dfd7",三通,"4578c451-ca1d-4196-bec9-a091a23adccb",,,
ccedc52f-a608-428c-806a-3ef62ad12b4f,疏水阀,"4578c451-ca1d-4196-bec9-a091a23adccb",,,
"258e0dc4-1960-4d48-9f6a-cdf1dd3ae515",仪表,"4578c451-ca1d-4196-bec9-a091a23adccb",,,
"3cb26833-7dd6-44b9-b32d-28901d78a0a2",管嘴,"4578c451-ca1d-4196-bec9-a091a23adccb",,,
c87ac8ab-f562-4d54-b804-94cc6fd90e68,梁/柱/支撑/吊柱,"4578c451-ca1d-4196-bec9-a091a23adccb",,,
"30d58948-45db-49bd-b0ef-d3277b32e409",未知类型,"4578c451-ca1d-4196-bec9-a091a23adccb",,,
"1b1f2737-5a13-4e37-95c8-4ffdfadb26d8",设备,,,,
df561f53-b354-4eba-9ef2-7b49e5a78469,管道与阀门,"1b1f2737-5a13-4e37-95c8-4ffdfadb26d8",,,
e729d8ed-6ac1-4be9-b627-c9f08f127abf,炼油化工专用机械,"1b1f2737-5a13-4e37-95c8-4ffdfadb26d8",,,
f853affb-a93e-4b5a-b3f8-40b11e13df30,其他设备,"1b1f2737-5a13-4e37-95c8-4ffdfadb26d8",,,
"0ef363de-9d5b-4e2a-b9cc-34ae27c48e6e",煤矿机械,"1b1f2737-5a13-4e37-95c8-4ffdfadb26d8",,,
d165ace6-0332-48e0-a950-e5f87bbe232e,动力设备类,"1b1f2737-5a13-4e37-95c8-4ffdfadb26d8",,,
"824abe98-b3c7-4ea8-be1f-c7373f6d373c",电气设备,"1b1f2737-5a13-4e37-95c8-4ffdfadb26d8",,,
"20e5c59d-0628-4b5c-be87-d4575af5006f",压力容器,"1b1f2737-5a13-4e37-95c8-4ffdfadb26d8",,,
"4ec43f6f-c69c-4d65-8856-a77ba3364af0",压力管道,"1b1f2737-5a13-4e37-95c8-4ffdfadb26d8",,,
"6dfb1721-d229-4f61-8617-aabc131a7bb6",炉类,"1b1f2737-5a13-4e37-95c8-4ffdfadb26d8",,,
"86c8cfa0-960e-4601-b814-5535483c796a",塔类,"1b1f2737-5a13-4e37-95c8-4ffdfadb26d8",,,
e03e0ab5-9464-48ad-a077-8d48e7f843f5,反应设备类,"1b1f2737-5a13-4e37-95c8-4ffdfadb26d8",,,
"046be199-a0e0-48a6-92de-9d7c044186e6",罐类,"1b1f2737-5a13-4e37-95c8-4ffdfadb26d8",,,
"397c8d32-3dac-4e3e-b0e5-1ab8b8a1be74",换热设备类,"1b1f2737-5a13-4e37-95c8-4ffdfadb26d8",,,
b9323015-b1c9-49f7-81cd-c3d60fc9a2b9,通用机械类,"1b1f2737-5a13-4e37-95c8-4ffdfadb26d8",,,
"3f33c95a-3f20-4205-a4f0-0e7f4082a843",仪器仪表,"1b1f2737-5a13-4e37-95c8-4ffdfadb26d8",,,
"06f1cbd1-cff0-407e-acb1-df43d845eb3f",起重运输类,"1b1f2737-5a13-4e37-95c8-4ffdfadb26d8",,,
"02249ead-d881-43af-92d5-521c845bfcd6",安全环保专用设备,"1b1f2737-5a13-4e37-95c8-4ffdfadb26d8",,,
"2b04e167-1d99-47e3-a013-245753831e4b",其他设备类,"1b1f2737-5a13-4e37-95c8-4ffdfadb26d8",,,
"958d5ee2-b0f4-40f2-a17b-6cb90ac11294",安全环保类,"1b1f2737-5a13-4e37-95c8-4ffdfadb26d8",,,
cb3305fc-8696-4e80-b675-d4df36429f0d,专用机械类,"1b1f2737-5a13-4e37-95c8-4ffdfadb26d8",,,
"4fb75bb8-724e-43a1-a8e1-ff94bb405922",装卸加注设施类,cb3305fc-8696-4e80-b675-d4df36429f0d,,,
"4a39e900-fabf-4516-8b3f-a44f43697184",加注设备,"4fb75bb8-724e-43a1-a8e1-ff94bb405922",,,
"3e2b7498-10a3-4cc4-8abf-43b2b48b4ce8",长输管道设施,df561f53-b354-4eba-9ef2-7b49e5a78469,,,
b682460c-e302-4b50-9315-f4579bd93f91,管道,df561f53-b354-4eba-9ef2-7b49e5a78469,,,
d02b5808-6fa7-4fae-b350-561632ef6b0b,阀门,df561f53-b354-4eba-9ef2-7b49e5a78469,,,
bb3ac1ae-ad3f-4510-80c9-9e5210733e22,其他管道设施,"3e2b7498-10a3-4cc4-8abf-43b2b48b4ce8",,,
"5d33460c-368c-42d0-b4e3-aa07c00907c9",管道过滤器,"3e2b7498-10a3-4cc4-8abf-43b2b48b4ce8",,,
"72a0cc06-28a6-428b-af65-0a81d329c02a",长输管道,b682460c-e302-4b50-9315-f4579bd93f91,,,
"3f939ce2-25b4-445e-be3b-17a8fa9029fc",公用管道,b682460c-e302-4b50-9315-f4579bd93f91,,,
"286de952-97a4-4eef-9765-b7f93d690f8e",工业管道,b682460c-e302-4b50-9315-f4579bd93f91,,,
"87adcd4c-7b72-4367-ae7e-52f92d1ed049",其他管道,b682460c-e302-4b50-9315-f4579bd93f91,,,
a1c510b5-7906-442f-9222-82f37581e3af,GA1长输管道,"72a0cc06-28a6-428b-af65-0a81d329c02a",,,
c109ca5e-7c3d-416b-a2c9-57a4289b9f54,GA2长输管道,"72a0cc06-28a6-428b-af65-0a81d329c02a",,,
"0c8726a1-6f3a-4fd8-9727-4ec024c1d8ff",其他长输管道,"72a0cc06-28a6-428b-af65-0a81d329c02a",,,
a22011e5-9fb6-4311-a86b-18bd9f658f5e,GB1公用管道,"3f939ce2-25b4-445e-be3b-17a8fa9029fc",,,
f0abf8ee-eafc-4285-9722-f58a5d1de875,GB2公用管道,"3f939ce2-25b4-445e-be3b-17a8fa9029fc",,,
a7d1a6fb-e009-4505-802b-9ea432ba4036,其他公用管道,"3f939ce2-25b4-445e-be3b-17a8fa9029fc",,,
"5b012ae3-2414-4d90-b632-c36c5433dd25",GC1工业管道,"286de952-97a4-4eef-9765-b7f93d690f8e",,,
e205b08a-2aea-49b1-a5b9-75b9921edb78,GC2工业管道,"286de952-97a4-4eef-9765-b7f93d690f8e",,,
cddb828e-c940-4f10-a3c2-a942ee610da7,GC3工业管道,"286de952-97a4-4eef-9765-b7f93d690f8e",,,
"81aa856c-8841-4d04-9dbf-4aa1c8ed5c35",循环水管道,"286de952-97a4-4eef-9765-b7f93d690f8e",,,
b0a3f6c5-3c8f-4177-91bc-eaf6f8b7f876,其他工业管道,"286de952-97a4-4eef-9765-b7f93d690f8e",,,
"065e9a9d-3dba-4d27-be73-96860fa12c72",关键及特殊阀门,d02b5808-6fa7-4fae-b350-561632ef6b0b,,,
"89f5217e-4cb9-47d9-a98c-1b0b627b1d67",安全阀,d02b5808-6fa7-4fae-b350-561632ef6b0b,,,
"0fad661e-4d2d-4aee-bd1f-05fc382241b2",炼油化工机械类,e729d8ed-6ac1-4be9-b627-c9f08f127abf,,,
"68ca732d-fb0e-4ffe-a186-0a29eed08455",其他炼化机械,"0fad661e-4d2d-4aee-bd1f-05fc382241b2",,,
"33aa6253-9e64-479a-805e-068819737b1e",离心机,"0fad661e-4d2d-4aee-bd1f-05fc382241b2",,,
"9cd345c0-d033-4c57-84a0-659d39be2483",旋风分离器,"0fad661e-4d2d-4aee-bd1f-05fc382241b2",,,
fcd26cfb-2b0d-467f-8a9a-2b7bc575f89e,粗、细粉分离器,"0fad661e-4d2d-4aee-bd1f-05fc382241b2",,,
cb6d4c32-6d34-4c6c-808e-a46e12047aa2,过滤机(器),"0fad661e-4d2d-4aee-bd1f-05fc382241b2",,,
cdf3f3b9-509f-4b1b-93ff-d2acd4881eb4,搅拌机,"0fad661e-4d2d-4aee-bd1f-05fc382241b2",,,
"206f81dc-b565-45cb-b8b2-8435a6a28fc9",振动机,"0fad661e-4d2d-4aee-bd1f-05fc382241b2",,,
"10f0a69e-a5b7-4601-b96d-5bbcc0452791",扒、耙料机,"0fad661e-4d2d-4aee-bd1f-05fc382241b2",,,
"78586d2d-d6dd-4b3a-99be-c92caf79f059",刮料机,"0fad661e-4d2d-4aee-bd1f-05fc382241b2",,,
b9d64ff7-3a48-4ad4-82ef-342b73424717,混合器,"0fad661e-4d2d-4aee-bd1f-05fc382241b2",,,
de8c7fb0-8905-4da5-91e1-4c424bae8406,挤压机,"0fad661e-4d2d-4aee-bd1f-05fc382241b2",,,
"98d17040-4ee0-49c9-a7bd-e426bbb8ca6f",切粒机,"0fad661e-4d2d-4aee-bd1f-05fc382241b2",,,
"51e4f4ee-ff96-4faf-9d21-4d0ac64e58f6",包装设备,"0fad661e-4d2d-4aee-bd1f-05fc382241b2",,,
"845c746e-548d-436b-a2ea-effadf7553dc",旋转阀,"0fad661e-4d2d-4aee-bd1f-05fc382241b2",,,
fc7c0080-6bce-477e-a727-50fae48db89b,给料器,"0fad661e-4d2d-4aee-bd1f-05fc382241b2",,,
d424f76e-62c0-4332-b5bb-0798fded2145,固体粉碎机械,"0fad661e-4d2d-4aee-bd1f-05fc382241b2",,,
"507012ff-6263-43db-b49f-daf4d1deb739",煤矿洗选设备,"0ef363de-9d5b-4e2a-b9cc-34ae27c48e6e",,,
c568908d-ded1-4301-9e2e-f8b50a2efd28,电磁除铁器,"507012ff-6263-43db-b49f-daf4d1deb739",,,
a3b79f76-a337-4bdd-9eac-84d632d97084,药剂添加装置,"507012ff-6263-43db-b49f-daf4d1deb739",,,
"1716d68e-cbbc-4d83-9536-00b8eeac7647",采样机,"507012ff-6263-43db-b49f-daf4d1deb739",,,
"33dc337e-8d71-4b27-9366-7daa48351ef3",卸料器,"507012ff-6263-43db-b49f-daf4d1deb739",,,
b9210040-07e2-47b8-a52d-a2f7427e2fc3,锅炉,d165ace6-0332-48e0-a950-e5f87bbe232e,,,
"9d1d5508-64aa-4ff7-b4ec-c7f3c03e4151",汽轮机,d165ace6-0332-48e0-a950-e5f87bbe232e,,,
"9ee31907-2677-4ec3-9ef9-5aa67c4b439f",烟气透平,d165ace6-0332-48e0-a950-e5f87bbe232e,,,
"76028084-5568-4729-8642-006591b1e652",燃气轮机,d165ace6-0332-48e0-a950-e5f87bbe232e,,,
b3031cb3-5875-496b-8632-d1fb5e21d9b7,液力透平,d165ace6-0332-48e0-a950-e5f87bbe232e,,,
"931c1a80-3fab-4b19-98f6-c85f16ebf845",膨胀机,d165ace6-0332-48e0-a950-e5f87bbe232e,,,
"6fb97b2d-a0aa-448a-9448-2ffb09920ebb",内燃机,d165ace6-0332-48e0-a950-e5f87bbe232e,,,
"6a5c64d7-c1fe-4fcf-ab45-a6610a7db945",发电机,d165ace6-0332-48e0-a950-e5f87bbe232e,,,
"24d75606-fde0-4ec6-bceb-ff787a082274",其他动力设备,d165ace6-0332-48e0-a950-e5f87bbe232e,,,
"994e6cb2-eb83-41d3-aac2-369d0265e3d2",电站锅炉,b9210040-07e2-47b8-a52d-a2f7427e2fc3,,,
"862bf199-751f-448f-b78e-e9ad47b7ba97",工业锅炉,b9210040-07e2-47b8-a52d-a2f7427e2fc3,,,
"6b086164-b407-4f08-806c-c385e142d6d2",余(废)热锅炉,b9210040-07e2-47b8-a52d-a2f7427e2fc3,,,
"1e1d1673-e107-44d6-ba1e-4cba3bdec3b2",生活锅炉,b9210040-07e2-47b8-a52d-a2f7427e2fc3,,,
d5a9ab46-403e-4b94-99fe-a31814aa5e58,其他锅炉,b9210040-07e2-47b8-a52d-a2f7427e2fc3,,,
c2a04ac7-ad7b-4765-a652-3be76b3554f4,背压式汽轮机,"9d1d5508-64aa-4ff7-b4ec-c7f3c03e4151",,,
d023f2d3-43c6-4c55-8dd6-1c70bc2ede7b,冷凝式汽轮机,"9d1d5508-64aa-4ff7-b4ec-c7f3c03e4151",,,
"628af8bc-4f2d-4214-889a-8cd6077f4364",抽/注汽冷凝式汽轮机,"9d1d5508-64aa-4ff7-b4ec-c7f3c03e4151",,,
"5616f0eb-fe4a-4f81-9579-61d42615005d",其他汽轮机,"9d1d5508-64aa-4ff7-b4ec-c7f3c03e4151",,,
fe20fbde-4ba8-48e0-b65d-fb947daa7b20,单级烟气透平,"9ee31907-2677-4ec3-9ef9-5aa67c4b439f",,,
"8eed66c0-95c8-4dc5-9427-dfeaf34dbfaa",双级烟气透平,"9ee31907-2677-4ec3-9ef9-5aa67c4b439f",,,
af09cdb8-d2b8-4ead-bf16-1844200ad48a,其他烟气透平,"9ee31907-2677-4ec3-9ef9-5aa67c4b439f",,,
"891677e1-7833-4528-8dc7-7411a8ab38f2",活塞式膨胀机,"931c1a80-3fab-4b19-98f6-c85f16ebf845",,,
aa0bf2e6-9b09-4181-9731-0598a2e1cabb,透平式膨胀机,"931c1a80-3fab-4b19-98f6-c85f16ebf845",,,
"067d6ccc-caf9-4da0-83c4-e30106551294",其他膨胀机,"931c1a80-3fab-4b19-98f6-c85f16ebf845",,,
ad19289f-456b-4dcb-be07-503cf54976c1,交流发电机,"6a5c64d7-c1fe-4fcf-ab45-a6610a7db945",,,
"6098a632-1e83-43ed-a8b7-4adcf49710c2",直流发电机,"6a5c64d7-c1fe-4fcf-ab45-a6610a7db945",,,
"7149c262-e4b2-46ec-b016-7a3e7d22db20",其他发电装置,"6a5c64d7-c1fe-4fcf-ab45-a6610a7db945",,,
"70288a52-44a6-4ee0-92d3-eabd0e74b8db",输变电设备(二次),"824abe98-b3c7-4ea8-be1f-c7373f6d373c",,,
"21fdb677-3fd0-4ac4-8160-c4ca20c3e2b3",电力消耗设备,"824abe98-b3c7-4ea8-be1f-c7373f6d373c",,,
e12b44be-2f5e-4028-b903-fb8d4b1c202c,照明设备,"824abe98-b3c7-4ea8-be1f-c7373f6d373c",,,
"96b34ba5-8b1c-4f65-bb40-94a346e8f45a",电动机,"824abe98-b3c7-4ea8-be1f-c7373f6d373c",,,
"5df179a5-d0ab-48dc-bad1-c3ddaa7612a1",输变电设备(一次),"824abe98-b3c7-4ea8-be1f-c7373f6d373c",,,
bde1eaee-4693-4f7b-b647-4b5c45e9b8ce,电源设备,"70288a52-44a6-4ee0-92d3-eabd0e74b8db",,,
db6a0023-3401-40df-ae60-7f2d4d23e15c,其他电气控制柜,"70288a52-44a6-4ee0-92d3-eabd0e74b8db",,,
"33ec7a20-6b22-43a9-b282-90c4f18d7b71",UPS/EPS/逆变电源,bde1eaee-4693-4f7b-b647-4b5c45e9b8ce,,,
"5bf95a8b-dd77-4d27-abff-d2ac34a58fd5",电加热器,"21fdb677-3fd0-4ac4-8160-c4ca20c3e2b3",,,
cfd42ee8-93dd-46c8-a361-ad6f60a6484e,暖通空调系统,"21fdb677-3fd0-4ac4-8160-c4ca20c3e2b3",,,
aa0932d7-067d-415c-a501-9907a2a68cfe,罩棚灯,e12b44be-2f5e-4028-b903-fb8d4b1c202c,,,
e77b24a1-4c12-43e7-a8b8-3d666f3473f0,大型照明设备,e12b44be-2f5e-4028-b903-fb8d4b1c202c,,,
d91c8e28-5528-497e-8195-dd6132f2ce60,其他照明设备,e12b44be-2f5e-4028-b903-fb8d4b1c202c,,,
d0c7367e-4102-470d-aa5a-43baeee0e1f8,交流电动机,"96b34ba5-8b1c-4f65-bb40-94a346e8f45a",,,
f6c1773e-9dd9-440e-9a32-6ff28d4bad21,直流电动机,"96b34ba5-8b1c-4f65-bb40-94a346e8f45a",,,
fd8702cb-644d-4356-b4c4-bdd58bbb416b,其他电动机,"96b34ba5-8b1c-4f65-bb40-94a346e8f45a",,,
ea604f47-f807-4df0-8900-81d7a00455d1,同步电动机,d0c7367e-4102-470d-aa5a-43baeee0e1f8,,,
"9e2d50a6-a5fa-4a15-a867-f233d3aed4b1",异步电动机,d0c7367e-4102-470d-aa5a-43baeee0e1f8,,,
"61d89b1a-13e1-4045-bb57-dc2359cafc24",电动头,d0c7367e-4102-470d-aa5a-43baeee0e1f8,,,
b065dcb0-d576-450c-a1c2-28a9dd44f9e0,变频电动机,d0c7367e-4102-470d-aa5a-43baeee0e1f8,,,
a9ad9686-38f6-4ec5-824d-851c2b1e3274,变频器,"5df179a5-d0ab-48dc-bad1-c3ddaa7612a1",,,
"4d95bba3-15e5-438a-99dc-d237efb76348",变压器,"5df179a5-d0ab-48dc-bad1-c3ddaa7612a1",,,
"8da560d5-d625-43ca-80f4-4385f0231fea",电力电容器(柜、屏),"5df179a5-d0ab-48dc-bad1-c3ddaa7612a1",,,
"33c198f7-56af-4114-af9f-7e832aec4634",开关柜,"5df179a5-d0ab-48dc-bad1-c3ddaa7612a1",,,
"73d59642-9d91-4f76-a916-5f87a2204315",低压变频器,a9ad9686-38f6-4ec5-824d-851c2b1e3274,,,
"00e2139e-87c5-4c55-bacb-923d6444c456",油浸变压器,"4d95bba3-15e5-438a-99dc-d237efb76348",,,
"3afb70ae-28a9-48ce-9417-40ab99536029",干式变压器,"4d95bba3-15e5-438a-99dc-d237efb76348",,,
"7384d76a-a545-46a2-bd07-405d5866ebe0",其他变压器,"4d95bba3-15e5-438a-99dc-d237efb76348",,,
"3a0fbd66-c221-4f5a-a69b-f234478cbc36",补偿电容器(柜、屏),"8da560d5-d625-43ca-80f4-4385f0231fea",,,
"024b4177-d6bb-460e-a379-c1809fa67922",滤波电容器(柜、屏),"8da560d5-d625-43ca-80f4-4385f0231fea",,,
"89ae774b-a105-42f1-b36c-18b7803070be",GIS(GIS)组合电气柜,"33c198f7-56af-4114-af9f-7e832aec4634",,,
"45e66340-db39-4d4c-afb5-7bdd9b3a3aa4",高压开关柜,"33c198f7-56af-4114-af9f-7e832aec4634",,,
c1299e8d-0f84-4266-b439-cee7f9626a3a,低压开关柜/盘,"33c198f7-56af-4114-af9f-7e832aec4634",,,
dad35a0c-17af-4760-a413-e631688175d6,管式加热炉,"6dfb1721-d229-4f61-8617-aabc131a7bb6",,,
"3c1f31bb-35e3-4e4f-9e6a-ba0c9cbd8af4",热载体炉,"6dfb1721-d229-4f61-8617-aabc131a7bb6",,,
cf319f5e-3c73-4a34-8797-80fcedd47b88,焚烧炉,"6dfb1721-d229-4f61-8617-aabc131a7bb6",,,
"5dedb0bb-5def-4638-a280-6160fcefecc3",焙烧炉,"6dfb1721-d229-4f61-8617-aabc131a7bb6",,,
"2376bbb0-b01b-45c4-9b0a-e3adda26b73b",空气加热炉,"6dfb1721-d229-4f61-8617-aabc131a7bb6",,,
d1983591-9d21-4aac-83e4-3d5b144cb67e,反应炉,"6dfb1721-d229-4f61-8617-aabc131a7bb6",,,
"5e82188d-c116-42f0-be3f-13e71599dfd7",其他炉类,"6dfb1721-d229-4f61-8617-aabc131a7bb6",,,
"7201cd01-9631-4665-adb3-c055f78dbc11",箱式加热炉,dad35a0c-17af-4760-a413-e631688175d6,,,
a7d2cf17-0b89-432f-9154-4b7d0dd8b9d6,园筒式加热炉,dad35a0c-17af-4760-a413-e631688175d6,,,
ca9deb0e-690b-4909-aaf2-06431b93f063,其他管式加热炉,dad35a0c-17af-4760-a413-e631688175d6,,,
f1d29d70-8c5c-4bbe-a64a-bb70a2dcea30,火焰式热载体炉,"3c1f31bb-35e3-4e4f-9e6a-ba0c9cbd8af4",,,
d905b1d9-49f5-4143-8521-a6c06afc90ca,电加热式热载体炉,"3c1f31bb-35e3-4e4f-9e6a-ba0c9cbd8af4",,,
"88ccdd63-30a4-41f7-b13b-acd1469858a1",其他热载体炉,"3c1f31bb-35e3-4e4f-9e6a-ba0c9cbd8af4",,,
a66b91ee-c149-488d-8737-a4942694e3a8,裂解炉,d1983591-9d21-4aac-83e4-3d5b144cb67e,,,
f7ce4b08-9568-4a87-bfdd-64a3ce08ce5b,转化炉,d1983591-9d21-4aac-83e4-3d5b144cb67e,,,
ac259ac0-41e3-4474-8571-802c78e04e3e,变换炉,d1983591-9d21-4aac-83e4-3d5b144cb67e,,,
cc5a84a7-dd59-4cf8-a45c-8209f73ca961,气化炉/发生炉,d1983591-9d21-4aac-83e4-3d5b144cb67e,,,
"2b867d37-84bc-4dbf-8ee0-7a8294e32dd7",其他反应炉,d1983591-9d21-4aac-83e4-3d5b144cb67e,,,
b3a6c093-ed53-4a23-8a1d-dc70a640f680,板式塔,"86c8cfa0-960e-4601-b814-5535483c796a",,,
"5f1ae4d2-ca19-429f-8630-6ae89d0664b9",填料塔,"86c8cfa0-960e-4601-b814-5535483c796a",,,
c72626f9-13fa-4506-806a-9b5226e36030,混合结构塔,"86c8cfa0-960e-4601-b814-5535483c796a",,,
c92e3ae5-ca72-478b-9215-d27f600c5d7c,焦炭塔,"86c8cfa0-960e-4601-b814-5535483c796a",,,
"3a7a01ce-d451-4f10-ae46-29dde5edd4c1",干燥塔,"86c8cfa0-960e-4601-b814-5535483c796a",,,
"649da116-21c8-4325-ac51-e7cae99073fc",冷却塔,"86c8cfa0-960e-4601-b814-5535483c796a",,,
c1888ff4-2351-4e0c-a8f2-98fa3a22804f,造粒塔,"86c8cfa0-960e-4601-b814-5535483c796a",,,
"1d28f954-48f7-468d-a6b3-78166bcbc5a1",氧化塔,"86c8cfa0-960e-4601-b814-5535483c796a",,,
aa7350c8-16ba-474b-a64d-77d0c0d2573d,其他塔,"86c8cfa0-960e-4601-b814-5535483c796a",,,
